class,precision,recall,f_score,support
0,0.861271676300578,0.8869047619047619,0.8739002932551319,168
1,0.7978723404255319,0.7575757575757576,0.7772020725388601,99
